frame,feature_index,feature_dim
frame_000000.jpg,0,512
frame_000001.jpg,1,512
frame_000002.jpg,2,512
frame_000003.jpg,3,512
frame_000004.jpg,4,512
frame_000005.jpg,5,512
frame_000006.jpg,6,512
frame_000007.jpg,7,512
frame_000008.jpg,8,512
frame_000009.jpg,9,512
frame_000010.jpg,10,512
frame_000011.jpg,11,512
frame_000012.jpg,12,512
frame_000013.jpg,13,512
frame_000014.jpg,14,512
frame_000015.jpg,15,512
frame_000016.jpg,16,512
frame_000017.jpg,17,512
frame_000018.jpg,18,512
frame_000019.jpg,19,512
frame_000020.jpg,20,512
frame_000021.jpg,21,512
frame_000022.jpg,22,512
frame_000023.jpg,23,512
frame_000024.jpg,24,512
frame_000025.jpg,25,512
frame_000026.jpg,26,512
frame_000027.jpg,27,512
frame_000028.jpg,28,512
frame_000029.jpg,29,512
frame_000030.jpg,30,512
frame_000031.jpg,31,512
frame_000032.jpg,32,512
frame_000033.jpg,33,512
frame_000034.jpg,34,512
frame_000035.jpg,35,512
frame_000036.jpg,36,512
frame_000037.jpg,37,512
frame_000038.jpg,38,512
frame_000039.jpg,39,512
frame_000040.jpg,40,512
frame_000041.jpg,41,512
frame_000042.jpg,42,512
frame_000043.jpg,43,512
frame_000044.jpg,44,512
frame_000045.jpg,45,512
frame_000046.jpg,46,512
frame_000047.jpg,47,512
frame_000048.jpg,48,512
frame_000049.jpg,49,512
frame_000050.jpg,50,512
frame_000051.jpg,51,512
frame_000052.jpg,52,512
frame_000053.jpg,53,512
frame_000054.jpg,54,512
frame_000055.jpg,55,512
frame_000056.jpg,56,512
frame_000057.jpg,57,512
frame_000058.jpg,58,512
frame_000059.jpg,59,512
frame_000060.jpg,60,512
frame_000061.jpg,61,512
frame_000062.jpg,62,512
frame_000063.jpg,63,512
frame_000064.jpg,64,512
frame_000065.jpg,65,512
frame_000066.jpg,66,512
frame_000067.jpg,67,512
frame_000068.jpg,68,512
frame_000069.jpg,69,512
frame_000070.jpg,70,512
frame_000071.jpg,71,512
frame_000072.jpg,72,512
frame_000073.jpg,73,512
frame_000074.jpg,74,512
frame_000075.jpg,75,512
frame_000076.jpg,76,512
frame_000077.jpg,77,512
frame_000078.jpg,78,512
frame_000079.jpg,79,512
frame_000080.jpg,80,512
frame_000081.jpg,81,512
frame_000082.jpg,82,512
frame_000083.jpg,83,512
frame_000084.jpg,84,512
frame_000085.jpg,85,512
frame_000086.jpg,86,512
frame_000087.jpg,87,512
frame_000088.jpg,88,512
frame_000089.jpg,89,512
frame_000090.jpg,90,512
frame_000091.jpg,91,512
frame_000092.jpg,92,512
frame_000093.jpg,93,512
frame_000094.jpg,94,512
frame_000095.jpg,95,512
frame_000096.jpg,96,512
frame_000097.jpg,97,512
frame_000098.jpg,98,512
frame_000099.jpg,99,512
frame_000100.jpg,100,512
frame_000101.jpg,101,512
frame_000102.jpg,102,512
frame_000103.jpg,103,512
frame_000104.jpg,104,512
frame_000105.jpg,105,512
frame_000106.jpg,106,512
frame_000107.jpg,107,512
frame_000108.jpg,108,512
frame_000109.jpg,109,512
frame_000110.jpg,110,512
frame_000111.jpg,111,512
frame_000112.jpg,112,512
frame_000113.jpg,113,512
frame_000114.jpg,114,512
frame_000115.jpg,115,512
frame_000116.jpg,116,512
frame_000117.jpg,117,512
frame_000118.jpg,118,512
frame_000119.jpg,119,512
frame_000120.jpg,120,512
frame_000121.jpg,121,512
frame_000122.jpg,122,512
frame_000123.jpg,123,512
frame_000124.jpg,124,512
frame_000125.jpg,125,512
frame_000126.jpg,126,512
frame_000127.jpg,127,512
frame_000128.jpg,128,512
frame_000129.jpg,129,512
frame_000130.jpg,130,512
frame_000131.jpg,131,512
frame_000132.jpg,132,512
frame_000133.jpg,133,512
frame_000134.jpg,134,512
frame_000135.jpg,135,512
frame_000136.jpg,136,512
frame_000137.jpg,137,512
frame_000138.jpg,138,512
frame_000139.jpg,139,512
frame_000140.jpg,140,512
frame_000141.jpg,141,512
frame_000142.jpg,142,512
frame_000143.jpg,143,512
frame_000144.jpg,144,512
frame_000145.jpg,145,512
frame_000146.jpg,146,512
frame_000147.jpg,147,512
frame_000148.jpg,148,512
frame_000149.jpg,149,512
frame_000150.jpg,150,512
frame_000151.jpg,151,512
frame_000152.jpg,152,512
frame_000153.jpg,153,512
frame_000154.jpg,154,512
frame_000155.jpg,155,512
frame_000156.jpg,156,512
frame_000157.jpg,157,512
frame_000158.jpg,158,512
frame_000159.jpg,159,512
frame_000160.jpg,160,512
frame_000161.jpg,161,512
frame_000162.jpg,162,512
frame_000163.jpg,163,512
frame_000164.jpg,164,512
frame_000165.jpg,165,512
frame_000166.jpg,166,512
frame_000167.jpg,167,512
frame_000168.jpg,168,512
frame_000169.jpg,169,512
frame_000170.jpg,170,512
frame_000171.jpg,171,512
frame_000172.jpg,172,512
frame_000173.jpg,173,512
frame_000174.jpg,174,512
frame_000175.jpg,175,512
frame_000176.jpg,176,512
frame_000177.jpg,177,512
frame_000178.jpg,178,512
frame_000179.jpg,179,512
frame_000180.jpg,180,512
frame_000181.jpg,181,512
frame_000182.jpg,182,512
frame_000183.jpg,183,512
frame_000184.jpg,184,512
frame_000185.jpg,185,512
frame_000186.jpg,186,512
frame_000187.jpg,187,512
frame_000188.jpg,188,512
frame_000189.jpg,189,512
frame_000190.jpg,190,512
frame_000191.jpg,191,512
frame_000192.jpg,192,512
frame_000193.jpg,193,512
frame_000194.jpg,194,512
frame_000195.jpg,195,512
frame_000196.jpg,196,512
frame_000197.jpg,197,512
frame_000198.jpg,198,512
frame_000199.jpg,199,512
frame_000200.jpg,200,512
frame_000201.jpg,201,512
frame_000202.jpg,202,512
frame_000203.jpg,203,512
frame_000204.jpg,204,512
frame_000205.jpg,205,512
frame_000206.jpg,206,512
frame_000207.jpg,207,512
frame_000208.jpg,208,512
frame_000209.jpg,209,512
frame_000210.jpg,210,512
frame_000211.jpg,211,512
frame_000212.jpg,212,512
frame_000213.jpg,213,512
frame_000214.jpg,214,512
frame_000215.jpg,215,512
frame_000216.jpg,216,512
frame_000217.jpg,217,512
frame_000218.jpg,218,512
frame_000219.jpg,219,512
frame_000220.jpg,220,512
frame_000221.jpg,221,512
frame_000222.jpg,222,512
frame_000223.jpg,223,512
frame_000224.jpg,224,512
frame_000225.jpg,225,512
frame_000226.jpg,226,512
frame_000227.jpg,227,512
frame_000228.jpg,228,512
frame_000229.jpg,229,512
frame_000230.jpg,230,512
frame_000231.jpg,231,512
frame_000232.jpg,232,512
frame_000233.jpg,233,512
frame_000234.jpg,234,512
frame_000235.jpg,235,512
frame_000236.jpg,236,512
frame_000237.jpg,237,512
frame_000238.jpg,238,512
frame_000239.jpg,239,512
frame_000240.jpg,240,512
frame_000241.jpg,241,512
frame_000242.jpg,242,512
frame_000243.jpg,243,512
frame_000244.jpg,244,512
frame_000245.jpg,245,512
frame_000246.jpg,246,512
frame_000247.jpg,247,512
frame_000248.jpg,248,512
frame_000249.jpg,249,512
frame_000250.jpg,250,512
frame_000251.jpg,251,512
frame_000252.jpg,252,512
frame_000253.jpg,253,512
frame_000254.jpg,254,512
frame_000255.jpg,255,512
frame_000256.jpg,256,512
frame_000257.jpg,257,512
frame_000258.jpg,258,512
frame_000259.jpg,259,512
frame_000260.jpg,260,512
frame_000261.jpg,261,512
frame_000262.jpg,262,512
frame_000263.jpg,263,512
frame_000264.jpg,264,512
frame_000265.jpg,265,512
frame_000266.jpg,266,512
frame_000267.jpg,267,512
frame_000268.jpg,268,512
frame_000269.jpg,269,512
frame_000270.jpg,270,512
frame_000271.jpg,271,512
frame_000272.jpg,272,512
frame_000273.jpg,273,512
frame_000274.jpg,274,512
frame_000275.jpg,275,512
frame_000276.jpg,276,512
frame_000277.jpg,277,512
frame_000278.jpg,278,512
frame_000279.jpg,279,512
frame_000280.jpg,280,512
frame_000281.jpg,281,512
frame_000282.jpg,282,512
frame_000283.jpg,283,512
frame_000284.jpg,284,512
frame_000285.jpg,285,512
frame_000286.jpg,286,512
frame_000287.jpg,287,512
frame_000288.jpg,288,512
frame_000289.jpg,289,512
frame_000290.jpg,290,512
frame_000291.jpg,291,512
frame_000292.jpg,292,512
frame_000293.jpg,293,512
frame_000294.jpg,294,512
frame_000295.jpg,295,512
frame_000296.jpg,296,512
frame_000297.jpg,297,512
frame_000298.jpg,298,512
frame_000299.jpg,299,512
frame_000300.jpg,300,512
frame_000301.jpg,301,512
frame_000302.jpg,302,512
frame_000303.jpg,303,512
frame_000304.jpg,304,512
frame_000305.jpg,305,512
frame_000306.jpg,306,512
frame_000307.jpg,307,512
frame_000308.jpg,308,512
frame_000309.jpg,309,512
frame_000310.jpg,310,512
frame_000311.jpg,311,512
frame_000312.jpg,312,512
frame_000313.jpg,313,512
frame_000314.jpg,314,512
frame_000315.jpg,315,512
frame_000316.jpg,316,512
frame_000317.jpg,317,512
frame_000318.jpg,318,512
frame_000319.jpg,319,512
frame_000320.jpg,320,512
frame_000321.jpg,321,512
frame_000322.jpg,322,512
frame_000323.jpg,323,512
frame_000324.jpg,324,512
frame_000325.jpg,325,512
frame_000326.jpg,326,512
frame_000327.jpg,327,512
frame_000328.jpg,328,512
frame_000329.jpg,329,512
frame_000330.jpg,330,512
frame_000331.jpg,331,512
frame_000332.jpg,332,512
frame_000333.jpg,333,512
frame_000334.jpg,334,512
frame_000335.jpg,335,512
frame_000336.jpg,336,512
frame_000337.jpg,337,512
frame_000338.jpg,338,512
frame_000339.jpg,339,512
frame_000340.jpg,340,512
frame_000341.jpg,341,512
frame_000342.jpg,342,512
frame_000343.jpg,343,512
frame_000344.jpg,344,512
frame_000345.jpg,345,512
frame_000346.jpg,346,512
frame_000347.jpg,347,512
frame_000348.jpg,348,512
frame_000349.jpg,349,512
frame_000350.jpg,350,512
frame_000351.jpg,351,512
frame_000352.jpg,352,512
frame_000353.jpg,353,512
frame_000354.jpg,354,512
frame_000355.jpg,355,512
frame_000356.jpg,356,512
frame_000357.jpg,357,512
frame_000358.jpg,358,512
frame_000359.jpg,359,512
frame_000360.jpg,360,512
frame_000361.jpg,361,512
frame_000362.jpg,362,512
frame_000363.jpg,363,512
frame_000364.jpg,364,512
frame_000365.jpg,365,512
frame_000366.jpg,366,512
frame_000367.jpg,367,512
frame_000368.jpg,368,512
frame_000369.jpg,369,512
frame_000370.jpg,370,512
frame_000371.jpg,371,512
frame_000372.jpg,372,512
frame_000373.jpg,373,512
frame_000374.jpg,374,512
frame_000375.jpg,375,512
frame_000376.jpg,376,512
frame_000377.jpg,377,512
frame_000378.jpg,378,512
frame_000379.jpg,379,512
frame_000380.jpg,380,512
frame_000381.jpg,381,512
frame_000382.jpg,382,512
frame_000383.jpg,383,512
frame_000384.jpg,384,512
frame_000385.jpg,385,512
frame_000386.jpg,386,512
frame_000387.jpg,387,512
frame_000388.jpg,388,512
frame_000389.jpg,389,512
frame_000390.jpg,390,512
frame_000391.jpg,391,512
frame_000392.jpg,392,512
frame_000393.jpg,393,512
frame_000394.jpg,394,512
frame_000395.jpg,395,512
frame_000396.jpg,396,512
frame_000397.jpg,397,512
frame_000398.jpg,398,512
frame_000399.jpg,399,512
frame_000400.jpg,400,512
frame_000401.jpg,401,512
frame_000402.jpg,402,512
frame_000403.jpg,403,512
frame_000404.jpg,404,512
frame_000405.jpg,405,512
frame_000406.jpg,406,512
frame_000407.jpg,407,512
frame_000408.jpg,408,512
frame_000409.jpg,409,512
frame_000410.jpg,410,512
frame_000411.jpg,411,512
frame_000412.jpg,412,512
frame_000413.jpg,413,512
frame_000414.jpg,414,512
frame_000415.jpg,415,512
frame_000416.jpg,416,512
frame_000417.jpg,417,512
frame_000418.jpg,418,512
frame_000419.jpg,419,512
frame_000420.jpg,420,512
frame_000421.jpg,421,512
frame_000422.jpg,422,512
frame_000423.jpg,423,512
frame_000424.jpg,424,512
frame_000425.jpg,425,512
frame_000426.jpg,426,512
frame_000427.jpg,427,512
frame_000428.jpg,428,512
frame_000429.jpg,429,512
frame_000430.jpg,430,512
frame_000431.jpg,431,512
frame_000432.jpg,432,512
frame_000433.jpg,433,512
frame_000434.jpg,434,512
frame_000435.jpg,435,512
frame_000436.jpg,436,512
frame_000437.jpg,437,512
frame_000438.jpg,438,512
frame_000439.jpg,439,512
frame_000440.jpg,440,512
frame_000441.jpg,441,512
frame_000442.jpg,442,512
frame_000443.jpg,443,512
frame_000444.jpg,444,512
frame_000445.jpg,445,512
frame_000446.jpg,446,512
frame_000447.jpg,447,512
frame_000448.jpg,448,512
frame_000449.jpg,449,512
frame_000450.jpg,450,512
frame_000451.jpg,451,512
frame_000452.jpg,452,512
frame_000453.jpg,453,512
frame_000454.jpg,454,512
frame_000455.jpg,455,512
frame_000456.jpg,456,512
frame_000457.jpg,457,512
frame_000458.jpg,458,512
frame_000459.jpg,459,512
frame_000460.jpg,460,512
frame_000461.jpg,461,512
frame_000462.jpg,462,512
frame_000463.jpg,463,512
frame_000464.jpg,464,512
frame_000465.jpg,465,512
frame_000466.jpg,466,512
frame_000467.jpg,467,512
frame_000468.jpg,468,512
frame_000469.jpg,469,512
frame_000470.jpg,470,512
frame_000471.jpg,471,512
frame_000472.jpg,472,512
frame_000473.jpg,473,512
frame_000474.jpg,474,512
frame_000475.jpg,475,512
frame_000476.jpg,476,512
frame_000477.jpg,477,512
frame_000478.jpg,478,512
frame_000479.jpg,479,512
frame_000480.jpg,480,512
frame_000481.jpg,481,512
frame_000482.jpg,482,512
frame_000483.jpg,483,512
frame_000484.jpg,484,512
frame_000485.jpg,485,512
frame_000486.jpg,486,512
frame_000487.jpg,487,512
frame_000488.jpg,488,512
frame_000489.jpg,489,512
frame_000490.jpg,490,512
frame_000491.jpg,491,512
frame_000492.jpg,492,512
frame_000493.jpg,493,512
frame_000494.jpg,494,512
frame_000495.jpg,495,512
frame_000496.jpg,496,512
frame_000497.jpg,497,512
frame_000498.jpg,498,512
frame_000499.jpg,499,512
frame_000500.jpg,500,512
frame_000501.jpg,501,512
frame_000502.jpg,502,512
frame_000503.jpg,503,512
frame_000504.jpg,504,512
frame_000505.jpg,505,512
frame_000506.jpg,506,512
frame_000507.jpg,507,512
frame_000508.jpg,508,512
frame_000509.jpg,509,512
frame_000510.jpg,510,512
frame_000511.jpg,511,512
frame_000512.jpg,512,512
frame_000513.jpg,513,512
frame_000514.jpg,514,512
frame_000515.jpg,515,512
frame_000516.jpg,516,512
frame_000517.jpg,517,512
frame_000518.jpg,518,512
frame_000519.jpg,519,512
frame_000520.jpg,520,512
frame_000521.jpg,521,512
frame_000522.jpg,522,512
frame_000523.jpg,523,512
frame_000524.jpg,524,512
frame_000525.jpg,525,512
frame_000526.jpg,526,512
frame_000527.jpg,527,512
frame_000528.jpg,528,512
frame_000529.jpg,529,512
frame_000530.jpg,530,512
frame_000531.jpg,531,512
frame_000532.jpg,532,512
frame_000533.jpg,533,512
frame_000534.jpg,534,512
frame_000535.jpg,535,512
frame_000536.jpg,536,512
frame_000537.jpg,537,512
frame_000538.jpg,538,512
frame_000539.jpg,539,512
frame_000540.jpg,540,512
frame_000541.jpg,541,512
frame_000542.jpg,542,512
frame_000543.jpg,543,512
frame_000544.jpg,544,512
frame_000545.jpg,545,512
frame_000546.jpg,546,512
frame_000547.jpg,547,512
frame_000548.jpg,548,512
frame_000549.jpg,549,512
frame_000550.jpg,550,512
frame_000551.jpg,551,512
frame_000552.jpg,552,512
frame_000553.jpg,553,512
frame_000554.jpg,554,512
frame_000555.jpg,555,512
frame_000556.jpg,556,512
frame_000557.jpg,557,512
frame_000558.jpg,558,512
frame_000559.jpg,559,512
frame_000560.jpg,560,512
frame_000561.jpg,561,512
frame_000562.jpg,562,512
frame_000563.jpg,563,512
frame_000564.jpg,564,512
frame_000565.jpg,565,512
frame_000566.jpg,566,512
frame_000567.jpg,567,512
frame_000568.jpg,568,512
frame_000569.jpg,569,512
frame_000570.jpg,570,512
frame_000571.jpg,571,512
frame_000572.jpg,572,512
frame_000573.jpg,573,512
frame_000574.jpg,574,512
frame_000575.jpg,575,512
frame_000576.jpg,576,512
frame_000577.jpg,577,512
frame_000578.jpg,578,512
frame_000579.jpg,579,512
frame_000580.jpg,580,512
frame_000581.jpg,581,512
frame_000582.jpg,582,512
frame_000583.jpg,583,512
frame_000584.jpg,584,512
frame_000585.jpg,585,512
frame_000586.jpg,586,512
frame_000587.jpg,587,512
frame_000588.jpg,588,512
frame_000589.jpg,589,512
frame_000590.jpg,590,512
frame_000591.jpg,591,512
frame_000592.jpg,592,512
frame_000593.jpg,593,512
frame_000594.jpg,594,512
frame_000595.jpg,595,512
frame_000596.jpg,596,512
frame_000597.jpg,597,512
frame_000598.jpg,598,512
frame_000599.jpg,599,512
frame_000600.jpg,600,512
frame_000601.jpg,601,512
frame_000602.jpg,602,512
frame_000603.jpg,603,512
frame_000604.jpg,604,512
frame_000605.jpg,605,512
frame_000606.jpg,606,512
frame_000607.jpg,607,512
frame_000608.jpg,608,512
frame_000609.jpg,609,512
frame_000610.jpg,610,512
frame_000611.jpg,611,512
frame_000612.jpg,612,512
frame_000613.jpg,613,512
frame_000614.jpg,614,512
frame_000615.jpg,615,512
frame_000616.jpg,616,512
frame_000617.jpg,617,512
frame_000618.jpg,618,512
frame_000619.jpg,619,512
frame_000620.jpg,620,512
frame_000621.jpg,621,512
frame_000622.jpg,622,512
frame_000623.jpg,623,512
frame_000624.jpg,624,512
frame_000625.jpg,625,512
frame_000626.jpg,626,512
frame_000627.jpg,627,512
frame_000628.jpg,628,512
frame_000629.jpg,629,512
frame_000630.jpg,630,512
frame_000631.jpg,631,512
frame_000632.jpg,632,512
frame_000633.jpg,633,512
frame_000634.jpg,634,512
frame_000635.jpg,635,512
frame_000636.jpg,636,512
frame_000637.jpg,637,512
frame_000638.jpg,638,512
frame_000639.jpg,639,512
frame_000640.jpg,640,512
frame_000641.jpg,641,512
frame_000642.jpg,642,512
frame_000643.jpg,643,512
frame_000644.jpg,644,512
frame_000645.jpg,645,512
frame_000646.jpg,646,512
frame_000647.jpg,647,512
frame_000648.jpg,648,512
frame_000649.jpg,649,512
frame_000650.jpg,650,512
frame_000651.jpg,651,512
frame_000652.jpg,652,512
frame_000653.jpg,653,512
frame_000654.jpg,654,512
frame_000655.jpg,655,512
frame_000656.jpg,656,512
frame_000657.jpg,657,512
frame_000658.jpg,658,512
frame_000659.jpg,659,512
frame_000660.jpg,660,512
frame_000661.jpg,661,512
frame_000662.jpg,662,512
frame_000663.jpg,663,512
frame_000664.jpg,664,512
frame_000665.jpg,665,512
frame_000666.jpg,666,512
frame_000667.jpg,667,512
frame_000668.jpg,668,512
frame_000669.jpg,669,512
frame_000670.jpg,670,512
frame_000671.jpg,671,512
frame_000672.jpg,672,512
frame_000673.jpg,673,512
frame_000674.jpg,674,512
frame_000675.jpg,675,512
frame_000676.jpg,676,512
frame_000677.jpg,677,512
frame_000678.jpg,678,512
frame_000679.jpg,679,512
frame_000680.jpg,680,512
frame_000681.jpg,681,512
frame_000682.jpg,682,512
frame_000683.jpg,683,512
frame_000684.jpg,684,512
frame_000685.jpg,685,512
frame_000686.jpg,686,512
frame_000687.jpg,687,512
frame_000688.jpg,688,512
frame_000689.jpg,689,512
frame_000690.jpg,690,512
frame_000691.jpg,691,512
frame_000692.jpg,692,512
frame_000693.jpg,693,512
frame_000694.jpg,694,512
frame_000695.jpg,695,512
frame_000696.jpg,696,512
frame_000697.jpg,697,512
frame_000698.jpg,698,512
frame_000699.jpg,699,512
frame_000700.jpg,700,512
frame_000701.jpg,701,512
frame_000702.jpg,702,512
frame_000703.jpg,703,512
frame_000704.jpg,704,512
frame_000705.jpg,705,512
frame_000706.jpg,706,512
frame_000707.jpg,707,512
frame_000708.jpg,708,512
frame_000709.jpg,709,512
frame_000710.jpg,710,512
frame_000711.jpg,711,512
frame_000712.jpg,712,512
frame_000713.jpg,713,512
frame_000714.jpg,714,512
frame_000715.jpg,715,512
frame_000716.jpg,716,512
frame_000717.jpg,717,512
frame_000718.jpg,718,512
frame_000719.jpg,719,512
frame_000720.jpg,720,512
frame_000721.jpg,721,512
frame_000722.jpg,722,512
frame_000723.jpg,723,512
frame_000724.jpg,724,512
frame_000725.jpg,725,512
frame_000726.jpg,726,512
frame_000727.jpg,727,512
frame_000728.jpg,728,512
frame_000729.jpg,729,512
frame_000730.jpg,730,512
frame_000731.jpg,731,512
frame_000732.jpg,732,512
frame_000733.jpg,733,512
frame_000734.jpg,734,512
frame_000735.jpg,735,512
frame_000736.jpg,736,512
frame_000737.jpg,737,512
frame_000738.jpg,738,512
frame_000739.jpg,739,512
frame_000740.jpg,740,512
frame_000741.jpg,741,512
frame_000742.jpg,742,512
frame_000743.jpg,743,512
frame_000744.jpg,744,512
frame_000745.jpg,745,512
frame_000746.jpg,746,512
frame_000747.jpg,747,512
frame_000748.jpg,748,512
frame_000749.jpg,749,512
frame_000750.jpg,750,512
frame_000751.jpg,751,512
frame_000752.jpg,752,512
frame_000753.jpg,753,512
frame_000754.jpg,754,512
frame_000755.jpg,755,512
frame_000756.jpg,756,512
frame_000757.jpg,757,512
frame_000758.jpg,758,512
frame_000759.jpg,759,512
frame_000760.jpg,760,512
frame_000761.jpg,761,512
frame_000762.jpg,762,512
frame_000763.jpg,763,512
frame_000764.jpg,764,512
frame_000765.jpg,765,512
frame_000766.jpg,766,512
frame_000767.jpg,767,512
frame_000768.jpg,768,512
frame_000769.jpg,769,512
frame_000770.jpg,770,512
frame_000771.jpg,771,512
frame_000772.jpg,772,512
frame_000773.jpg,773,512
frame_000774.jpg,774,512
frame_000775.jpg,775,512
frame_000776.jpg,776,512
frame_000777.jpg,777,512
frame_000778.jpg,778,512
frame_000779.jpg,779,512
frame_000780.jpg,780,512
frame_000781.jpg,781,512
frame_000782.jpg,782,512
frame_000783.jpg,783,512
frame_000784.jpg,784,512
frame_000785.jpg,785,512
frame_000786.jpg,786,512
frame_000787.jpg,787,512
frame_000788.jpg,788,512
frame_000789.jpg,789,512
frame_000790.jpg,790,512
frame_000791.jpg,791,512
frame_000792.jpg,792,512
frame_000793.jpg,793,512
frame_000794.jpg,794,512
frame_000795.jpg,795,512
frame_000796.jpg,796,512
frame_000797.jpg,797,512
frame_000798.jpg,798,512
frame_000799.jpg,799,512
frame_000800.jpg,800,512
frame_000801.jpg,801,512
frame_000802.jpg,802,512
frame_000803.jpg,803,512
frame_000804.jpg,804,512
frame_000805.jpg,805,512
frame_000806.jpg,806,512
frame_000807.jpg,807,512
frame_000808.jpg,808,512
frame_000809.jpg,809,512
frame_000810.jpg,810,512
frame_000811.jpg,811,512
frame_000812.jpg,812,512
frame_000813.jpg,813,512
frame_000814.jpg,814,512
frame_000815.jpg,815,512
frame_000816.jpg,816,512
frame_000817.jpg,817,512
frame_000818.jpg,818,512
frame_000819.jpg,819,512
frame_000820.jpg,820,512
frame_000821.jpg,821,512
frame_000822.jpg,822,512
frame_000823.jpg,823,512
frame_000824.jpg,824,512
frame_000825.jpg,825,512
frame_000826.jpg,826,512
frame_000827.jpg,827,512
frame_000828.jpg,828,512
frame_000829.jpg,829,512
frame_000830.jpg,830,512
frame_000831.jpg,831,512
frame_000832.jpg,832,512
frame_000833.jpg,833,512
frame_000834.jpg,834,512
frame_000835.jpg,835,512
frame_000836.jpg,836,512
frame_000837.jpg,837,512
frame_000838.jpg,838,512
frame_000839.jpg,839,512
frame_000840.jpg,840,512
frame_000841.jpg,841,512
frame_000842.jpg,842,512
frame_000843.jpg,843,512
frame_000844.jpg,844,512
frame_000845.jpg,845,512
frame_000846.jpg,846,512
frame_000847.jpg,847,512
frame_000848.jpg,848,512
frame_000849.jpg,849,512
frame_000850.jpg,850,512
frame_000851.jpg,851,512
frame_000852.jpg,852,512
frame_000853.jpg,853,512
frame_000854.jpg,854,512
frame_000855.jpg,855,512
frame_000856.jpg,856,512
frame_000857.jpg,857,512
frame_000858.jpg,858,512
frame_000859.jpg,859,512
frame_000860.jpg,860,512
frame_000861.jpg,861,512
frame_000862.jpg,862,512
frame_000863.jpg,863,512
frame_000864.jpg,864,512
frame_000865.jpg,865,512
frame_000866.jpg,866,512
frame_000867.jpg,867,512
frame_000868.jpg,868,512
frame_000869.jpg,869,512
frame_000870.jpg,870,512
frame_000871.jpg,871,512
frame_000872.jpg,872,512
frame_000873.jpg,873,512
frame_000874.jpg,874,512
frame_000875.jpg,875,512
frame_000876.jpg,876,512
frame_000877.jpg,877,512
frame_000878.jpg,878,512
frame_000879.jpg,879,512
frame_000880.jpg,880,512
frame_000881.jpg,881,512
frame_000882.jpg,882,512
frame_000883.jpg,883,512
frame_000884.jpg,884,512
frame_000885.jpg,885,512
frame_000886.jpg,886,512
frame_000887.jpg,887,512
frame_000888.jpg,888,512
frame_000889.jpg,889,512
frame_000890.jpg,890,512
frame_000891.jpg,891,512
frame_000892.jpg,892,512
frame_000893.jpg,893,512
frame_000894.jpg,894,512
frame_000895.jpg,895,512
frame_000896.jpg,896,512
frame_000897.jpg,897,512
frame_000898.jpg,898,512
frame_000899.jpg,899,512
frame_000900.jpg,900,512
frame_000901.jpg,901,512
frame_000902.jpg,902,512
frame_000903.jpg,903,512
frame_000904.jpg,904,512
frame_000905.jpg,905,512
frame_000906.jpg,906,512
frame_000907.jpg,907,512
frame_000908.jpg,908,512
frame_000909.jpg,909,512
frame_000910.jpg,910,512
frame_000911.jpg,911,512
frame_000912.jpg,912,512
frame_000913.jpg,913,512
frame_000914.jpg,914,512
